"qr_url","line1","line2"
"https://db.sheboyganlights.org/scan/DISP/726","FC-SponsorSign-01",""
"https://db.sheboyganlights.org/scan/DISP/988","FE-GoalSign",""
"https://db.sheboyganlights.org/scan/DISP/38","FE-OpenCloseSign",""
"https://db.sheboyganlights.org/scan/DISP/257","FE-RotaryGear-01",""
"https://db.sheboyganlights.org/scan/DISP/1018","FE-TuneRadio-1CH-01",""
"https://db.sheboyganlights.org/scan/DISP/1017","FE-TuneRadio-2CH-01",""
"https://db.sheboyganlights.org/scan/DISP/870","HW-Bright-02",""
"https://db.sheboyganlights.org/scan/DISP/615","HW-EventTrafficRight","-01"
"https://db.sheboyganlights.org/scan/DISP/618","HW-EventTrafficRight","-02"
"https://db.sheboyganlights.org/scan/DISP/619","HW-EventTrafficRight","-03"
"https://db.sheboyganlights.org/scan/DISP/873","HW-Making-02",""
"https://db.sheboyganlights.org/scan/DISP/872","HW-RotaryGear-02",""
"https://db.sheboyganlights.org/scan/DISP/871","HW-Spirits-02",""
"https://db.sheboyganlights.org/scan/DISP/1028","HW-TuneRadio-1CH-02",""
"https://db.sheboyganlights.org/scan/DISP/617","HW-WaitTime-5Min",""
"https://db.sheboyganlights.org/scan/DISP/11","WaitTime15Min",""
"https://db.sheboyganlights.org/scan/DISP/1015","ElfOnShelf-01",""
"https://db.sheboyganlights.org/scan/DISP/736","FC-SponsorSign-02",""
"https://db.sheboyganlights.org/scan/DISP/39","FE-Bright-04",""
"https://db.sheboyganlights.org/scan/DISP/253","FE-HeadlightsSign",""
"https://db.sheboyganlights.org/scan/DISP/40","FE-Making-04",""
"https://db.sheboyganlights.org/scan/DISP/41","FE-Spirits-04",""
"https://db.sheboyganlights.org/scan/DISP/770","SpeedLimit-01",""
"https://db.sheboyganlights.org/scan/DISP/917","SpeedLimit-03",""
"https://db.sheboyganlights.org/scan/DISP/771","TR-Abominable",""
"https://db.sheboyganlights.org/scan/DISP/769","TR-CharlieInTheBox",""
"https://db.sheboyganlights.org/scan/DISP/774","TR-FrostyComeBack",""
"https://db.sheboyganlights.org/scan/DISP/766","TR-Narwhal",""
"https://db.sheboyganlights.org/scan/DISP/773","TuneRadio-2CH-03",""
"https://db.sheboyganlights.org/scan/DISP/921","WA-Bright-03",""
"https://db.sheboyganlights.org/scan/DISP/919","WA-Making-03",""
"https://db.sheboyganlights.org/scan/DISP/922","WA-RotarySigngn",""
"https://db.sheboyganlights.org/scan/DISP/918","WA-Spirits-03",""
"https://db.sheboyganlights.org/scan/DISP/920","WA-WelcomeTo-02",""
"https://db.sheboyganlights.org/scan/DISP/729","FC-FBDonationSign",""
"https://db.sheboyganlights.org/scan/DISP/745","FC-SponsorSign-03",""
"https://db.sheboyganlights.org/scan/DISP/651","FC-Tent",""
"https://db.sheboyganlights.org/scan/DISP/746","FC-Wreath",""
"https://db.sheboyganlights.org/scan/DISP/670","SpeedLimit-02",""
"https://db.sheboyganlights.org/scan/DISP/739","TuneRadio-2CH-02",""
"https://db.sheboyganlights.org/scan/DISP/550","EC-ElfConductor",""
"https://db.sheboyganlights.org/scan/DISP/1019","ElfOnShelf-02",""
"https://db.sheboyganlights.org/scan/DISP/678","FC-SponsorSign-04",""
"https://db.sheboyganlights.org/scan/DISP/762","GW-HeatMisterFace",""
"https://db.sheboyganlights.org/scan/DISP/764","GW-HeatMisterPuff",""
"https://db.sheboyganlights.org/scan/DISP/759","GW-OMWFace",""
"https://db.sheboyganlights.org/scan/DISP/758","GW-OMWPuff",""
"https://db.sheboyganlights.org/scan/DISP/755","GW-Tree-01",""
"https://db.sheboyganlights.org/scan/DISP/756","GW-Tree-02",""
"https://db.sheboyganlights.org/scan/DISP/757","GW-Tree-03",""
"https://db.sheboyganlights.org/scan/DISP/763","GW-Tree-04",""
"https://db.sheboyganlights.org/scan/DISP/754","GW-Tree-05",""
"https://db.sheboyganlights.org/scan/DISP/761","GW-Tree-06",""
"https://db.sheboyganlights.org/scan/DISP/760","GW-Tree-07",""
"https://db.sheboyganlights.org/scan/DISP/781","PO-POSign",""
"https://db.sheboyganlights.org/scan/DISP/609","PN-DancingPeanuts",""
"https://db.sheboyganlights.org/scan/DISP/614","PN-LinusTree",""
"https://db.sheboyganlights.org/scan/DISP/610","PN-Pigpen",""
"https://db.sheboyganlights.org/scan/DISP/613","PN-SchroederAndLucy",""
"https://db.sheboyganlights.org/scan/DISP/611","PN-SnoopyDogHouse",""
"https://db.sheboyganlights.org/scan/DISP/612","PN-Woodstock","-SallyCharlie"
"https://db.sheboyganlights.org/scan/DISP/145","TC-10YearStocking",""
"https://db.sheboyganlights.org/scan/DISP/5","TC-CarolerPanel-01",""
"https://db.sheboyganlights.org/scan/DISP/131","TC-CarolerPanel-02",""
"https://db.sheboyganlights.org/scan/DISP/139","TC-CarolerPanel-03",""
"https://db.sheboyganlights.org/scan/DISP/140","TC-CashDonationSign",""
"https://db.sheboyganlights.org/scan/DISP/141","TC-ChristmasHippo",""
"https://db.sheboyganlights.org/scan/DISP/127","TC-Deer-01",""
"https://db.sheboyganlights.org/scan/DISP/137","TC-Deer-02",""
"https://db.sheboyganlights.org/scan/DISP/126","TC-FryingSanta",""
"https://db.sheboyganlights.org/scan/DISP/136","TC-KingsburySign",""
"https://db.sheboyganlights.org/scan/DISP/1029","TC-Nutcracker",""
"https://db.sheboyganlights.org/scan/DISP/135","TC-PrangeGiftBag",""
"https://db.sheboyganlights.org/scan/DISP/132","TC-Snowman-Child",""
"https://db.sheboyganlights.org/scan/DISP/133","TC-Snowman-Dad",""
"https://db.sheboyganlights.org/scan/DISP/128","TC-Snowman-Mom",""
"https://db.sheboyganlights.org/scan/DISP/353","SL-SledPanel-01",""
"https://db.sheboyganlights.org/scan/DISP/354","SL-SledPanel-02",""
"https://db.sheboyganlights.org/scan/DISP/340","SL-SledPanel-03",""
"https://db.sheboyganlights.org/scan/DISP/347","SL-SledPanel-04",""
"https://db.sheboyganlights.org/scan/DISP/348","SL-SledPanel-05",""
"https://db.sheboyganlights.org/scan/DISP/345","SL-SledPanel-06",""
"https://db.sheboyganlights.org/scan/DISP/346","SL-SledPanel-07",""
"https://db.sheboyganlights.org/scan/DISP/339","SL-SledPanel-08",""
"https://db.sheboyganlights.org/scan/DISP/356","SL-SledPanel-09",""
"https://db.sheboyganlights.org/scan/DISP/349","SL-SledPanel-10",""
"https://db.sheboyganlights.org/scan/DISP/357","SL-SledPanel-11",""
"https://db.sheboyganlights.org/scan/DISP/362","SL-SledPanel-12",""
"https://db.sheboyganlights.org/scan/DISP/338","SL-SledPanel-13",""
"https://db.sheboyganlights.org/scan/DISP/350","SL-SledPanel-14",""
"https://db.sheboyganlights.org/scan/DISP/365","SL-SledPanel-15",""
"https://db.sheboyganlights.org/scan/DISP/363","SL-SledPanel-16",""
"https://db.sheboyganlights.org/scan/DISP/355","SL-SledPanel-17",""
"https://db.sheboyganlights.org/scan/DISP/367","SL-SledPanel-18",""
"https://db.sheboyganlights.org/scan/DISP/342","SL-SledPanel-19",""
"https://db.sheboyganlights.org/scan/DISP/343","SL-SledSnowpile-01",""
"https://db.sheboyganlights.org/scan/DISP/352","SL-SledSnowPile-02",""
"https://db.sheboyganlights.org/scan/DISP/980","QV-Bright-01",""
"https://db.sheboyganlights.org/scan/DISP/977","QV-Making-01",""
"https://db.sheboyganlights.org/scan/DISP/982","QV-SHRCandle",""
"https://db.sheboyganlights.org/scan/DISP/981","QV-SHRSnowman",""
"https://db.sheboyganlights.org/scan/DISP/979","QV-SHRStocking",""
"https://db.sheboyganlights.org/scan/DISP/983","QV-Spirits-01",""
"https://db.sheboyganlights.org/scan/DISP/978","QV-Stocking-01",""
"https://db.sheboyganlights.org/scan/DISP/309","CH-RGBCandyCane-01",""
"https://db.sheboyganlights.org/scan/DISP/326","CH-RGBCandyCane-02",""
"https://db.sheboyganlights.org/scan/DISP/331","CH-RGBCandyCane-03",""
"https://db.sheboyganlights.org/scan/DISP/322","CH-RGBCandyCane-04",""
"https://db.sheboyganlights.org/scan/DISP/328","CH-RGBCandyCane-05",""
"https://db.sheboyganlights.org/scan/DISP/333","CH-RGBCandyCane-06",""
"https://db.sheboyganlights.org/scan/DISP/325","CH-RGBCandyCane-07",""
"https://db.sheboyganlights.org/scan/DISP/320","CH-RGBCandyCane-08",""
"https://db.sheboyganlights.org/scan/DISP/317","CH-RGBTree-Star",""
"https://db.sheboyganlights.org/scan/DISP/116","CL-RGBCandyCane-01",""
"https://db.sheboyganlights.org/scan/DISP/73","CL-RGBCandyCane-02",""
"https://db.sheboyganlights.org/scan/DISP/92","CL-RGBCandyCane-03",""
"https://db.sheboyganlights.org/scan/DISP/84","CL-RGBCandyCane-04",""
"https://db.sheboyganlights.org/scan/DISP/80","CL-RGBCandyCane-05",""
"https://db.sheboyganlights.org/scan/DISP/98","CL-RGBCandyCane-06",""
"https://db.sheboyganlights.org/scan/DISP/78","CL-RGBCandyCane-07",""
"https://db.sheboyganlights.org/scan/DISP/76","CL-RGBCandyCane-08",""
"https://db.sheboyganlights.org/scan/DISP/106","CL-RGBCandyCane-09",""
"https://db.sheboyganlights.org/scan/DISP/94","CL-RGBCandyCane-10",""
"https://db.sheboyganlights.org/scan/DISP/89","CL-RGBCandyCane-11",""
"https://db.sheboyganlights.org/scan/DISP/105","CL-RGBCandyCane-12",""
"https://db.sheboyganlights.org/scan/DISP/905","CL-CandylandArch","-DS-Male"
"https://db.sheboyganlights.org/scan/DISP/1007","CL-CandylandArch","-PS-Female"
"https://db.sheboyganlights.org/scan/DISP/677","FC-ArchLane-01-Blu",""
"https://db.sheboyganlights.org/scan/DISP/676","FC-ArchLane-01-Wht",""
"https://db.sheboyganlights.org/scan/DISP/680","FC-ArchLane-02-Blu",""
"https://db.sheboyganlights.org/scan/DISP/660","FC-ArchLane-02-Wht",""
"https://db.sheboyganlights.org/scan/DISP/721","FC-CarCounterArch","-Grn-DS"
"https://db.sheboyganlights.org/scan/DISP/716","FC-CarCounterArch","-Grn-PS"
"https://db.sheboyganlights.org/scan/DISP/669","FC-CarCounterArch","-Red-DS"
"https://db.sheboyganlights.org/scan/DISP/671","FC-CarCounterArch","-Red-PS"
"https://db.sheboyganlights.org/scan/DISP/8","IT-EntryArch-DS",""
"https://db.sheboyganlights.org/scan/DISP/485","IT-EntryArch-PS",""
"https://db.sheboyganlights.org/scan/DISP/521","IT-ExitArch-DS",""
"https://db.sheboyganlights.org/scan/DISP/503","IT-ExitArch-PS",""
"https://db.sheboyganlights.org/scan/DISP/582","PB-Steel","-ArchSupport-Center"
"https://db.sheboyganlights.org/scan/DISP/605","PB-Steel","-ArchSupport-DS-M"
"https://db.sheboyganlights.org/scan/DISP/585","PB-Steel","-ArchSupport-PS-F"
"https://db.sheboyganlights.org/scan/DISP/843","CH-Nativity","-SceneStand-01"
"https://db.sheboyganlights.org/scan/DISP/865","CH-Nativity-01-Camel",""
"https://db.sheboyganlights.org/scan/DISP/841","CH-Nativity","-01-Wiseman-01"
"https://db.sheboyganlights.org/scan/DISP/842","CH-Nativity","-01-Wiseman-02"
"https://db.sheboyganlights.org/scan/DISP/868","CH-Nativity","-02-Wiseman"
"https://db.sheboyganlights.org/scan/DISP/855","CH-Nativity-03-Bull",""
"https://db.sheboyganlights.org/scan/DISP/851","CH-Nativity","-03-DrummerBoy"
"https://db.sheboyganlights.org/scan/DISP/866","CH-Nativity","-03-Lamb-01"
"https://db.sheboyganlights.org/scan/DISP/867","CH-Nativity","-03-Lamb-02"
"https://db.sheboyganlights.org/scan/DISP/835","CH-Nativity","-03-Shepherd-01"
"https://db.sheboyganlights.org/scan/DISP/836","CH-Nativity","-03-Shepherd-02"
"https://db.sheboyganlights.org/scan/DISP/854","CH-Nativity","-04-Donkey"
"https://db.sheboyganlights.org/scan/DISP/361","SL-SledPoof-LH-01",""
"https://db.sheboyganlights.org/scan/DISP/358","SL-SledPoof-LH-02",""
"https://db.sheboyganlights.org/scan/DISP/344","SL-SledPoof-LH-03",""
"https://db.sheboyganlights.org/scan/DISP/360","SL-SledPoof-LH-04",""
"https://db.sheboyganlights.org/scan/DISP/366","SL-SledPoof-RH-01",""
"https://db.sheboyganlights.org/scan/DISP/364","SL-SledPoof-RH-02",""
"https://db.sheboyganlights.org/scan/DISP/351","SL-SledPoof-RH-03",""
"https://db.sheboyganlights.org/scan/DISP/359","SL-SledPoof-RH-04",""
"https://db.sheboyganlights.org/scan/DISP/847","CH-Angel3D-03",""
"https://db.sheboyganlights.org/scan/DISP/858","CH-Angel3D-04",""
"https://db.sheboyganlights.org/scan/DISP/323","CH-RGBTree-Base",""
"https://db.sheboyganlights.org/scan/DISP/313","CH-RGBTree-Spreaders",""
"https://db.sheboyganlights.org/scan/DISP/901","SW-PotterPole",""
"https://db.sheboyganlights.org/scan/DISP/902","SW-PotterPoleBase",""
"https://db.sheboyganlights.org/scan/DISP/61","WW-FlickPole",""
"https://db.sheboyganlights.org/scan/DISP/616","HW-WaitTime","-30Min0Min"
"https://db.sheboyganlights.org/scan/DISP/980","QV-Bright-01",""
"https://db.sheboyganlights.org/scan/DISP/977","QV-Making-01",""
"https://db.sheboyganlights.org/scan/DISP/296","QV-SHRTrain-01",""
"https://db.sheboyganlights.org/scan/DISP/293","QV-SHRTrain-02",""
"https://db.sheboyganlights.org/scan/DISP/304","QV-SHRTrain-03",""
"https://db.sheboyganlights.org/scan/DISP/983","QV-Spirits-01",""
"https://db.sheboyganlights.org/scan/DISP/291","QV-StationSign",""
"https://db.sheboyganlights.org/scan/DISP/976","WA-WelcomeTo-01",""
"https://db.sheboyganlights.org/scan/DISP/125","TR-MegaTreeRGBTree",""
"https://db.sheboyganlights.org/scan/DISP/662","FC-CarCounter-DS",""
"https://db.sheboyganlights.org/scan/DISP/747","FC-CarCounter-PS",""
"https://db.sheboyganlights.org/scan/DISP/861","CH-Steeple-LH-Base",""
"https://db.sheboyganlights.org/scan/DISP/853","CH-Steeple-LH-Mid",""
"https://db.sheboyganlights.org/scan/DISP/860","CH-Steeple-LH-Top",""
"https://db.sheboyganlights.org/scan/DISP/839","CH-NativityStar",""
